user_id,flag_name,variant,assigned_at
u0001,onboarding_wizard_v2,classic,2026-04-01
u0002,onboarding_wizard_v2,classic,2026-04-01
u0003,onboarding_wizard_v2,classic,2026-04-01
u0004,onboarding_wizard_v2,classic,2026-04-01
u0005,onboarding_wizard_v2,classic,2026-04-01
u0006,onboarding_wizard_v2,classic,2026-04-01
u0007,onboarding_wizard_v2,classic,2026-04-01
u0008,onboarding_wizard_v2,classic,2026-04-01
u0009,onboarding_wizard_v2,classic,2026-04-01
u0010,onboarding_wizard_v2,classic,2026-04-01
u0011,onboarding_wizard_v2,classic,2026-04-01
u0012,onboarding_wizard_v2,classic,2026-04-01
u0013,onboarding_wizard_v2,classic,2026-04-02
u0014,onboarding_wizard_v2,classic,2026-04-02
u0015,onboarding_wizard_v2,classic,2026-04-02
u0016,onboarding_wizard_v2,classic,2026-04-02
u0017,onboarding_wizard_v2,classic,2026-04-02
u0018,onboarding_wizard_v2,classic,2026-04-02
u0019,onboarding_wizard_v2,classic,2026-04-02
u0020,onboarding_wizard_v2,classic,2026-04-02
u0021,onboarding_wizard_v2,classic,2026-04-02
u0022,onboarding_wizard_v2,classic,2026-04-02
u0023,onboarding_wizard_v2,classic,2026-04-02
u0024,onboarding_wizard_v2,classic,2026-04-02
u0025,onboarding_wizard_v2,classic,2026-04-03
u0026,onboarding_wizard_v2,classic,2026-04-03
u0027,onboarding_wizard_v2,classic,2026-04-03
u0028,onboarding_wizard_v2,classic,2026-04-03
u0029,onboarding_wizard_v2,classic,2026-04-03
u0030,onboarding_wizard_v2,classic,2026-04-03
u0031,onboarding_wizard_v2,classic,2026-04-03
u0032,onboarding_wizard_v2,classic,2026-04-03
u0033,onboarding_wizard_v2,classic,2026-04-03
u0034,onboarding_wizard_v2,classic,2026-04-03
u0035,onboarding_wizard_v2,classic,2026-04-03
u0036,onboarding_wizard_v2,classic,2026-04-03
u0037,onboarding_wizard_v2,classic,2026-04-04
u0038,onboarding_wizard_v2,classic,2026-04-04
u0039,onboarding_wizard_v2,classic,2026-04-04
u0040,onboarding_wizard_v2,classic,2026-04-04
u0041,onboarding_wizard_v2,classic,2026-04-04
u0042,onboarding_wizard_v2,classic,2026-04-04
u0043,onboarding_wizard_v2,classic,2026-04-04
u0044,onboarding_wizard_v2,classic,2026-04-04
u0045,onboarding_wizard_v2,classic,2026-04-04
u0046,onboarding_wizard_v2,classic,2026-04-04
u0047,onboarding_wizard_v2,classic,2026-04-04
u0048,onboarding_wizard_v2,classic,2026-04-04
u0049,onboarding_wizard_v2,classic,2026-04-05
u0050,onboarding_wizard_v2,classic,2026-04-05
u0051,onboarding_wizard_v2,classic,2026-04-05
u0052,onboarding_wizard_v2,classic,2026-04-05
u0053,onboarding_wizard_v2,classic,2026-04-05
u0054,onboarding_wizard_v2,classic,2026-04-05
u0055,onboarding_wizard_v2,classic,2026-04-05
u0056,onboarding_wizard_v2,classic,2026-04-05
u0057,onboarding_wizard_v2,classic,2026-04-05
u0058,onboarding_wizard_v2,classic,2026-04-05
u0059,onboarding_wizard_v2,classic,2026-04-05
u0060,onboarding_wizard_v2,classic,2026-04-05
u0061,onboarding_wizard_v2,classic,2026-04-06
u0062,onboarding_wizard_v2,classic,2026-04-06
u0063,onboarding_wizard_v2,classic,2026-04-06
u0064,onboarding_wizard_v2,classic,2026-04-06
u0065,onboarding_wizard_v2,classic,2026-04-06
u0066,onboarding_wizard_v2,classic,2026-04-06
u0067,onboarding_wizard_v2,classic,2026-04-06
u0068,onboarding_wizard_v2,classic,2026-04-06
u0069,onboarding_wizard_v2,classic,2026-04-06
u0070,onboarding_wizard_v2,classic,2026-04-06
u0071,onboarding_wizard_v2,classic,2026-04-06
u0072,onboarding_wizard_v2,classic,2026-04-06
u0073,onboarding_wizard_v2,classic,2026-04-07
u0074,onboarding_wizard_v2,classic,2026-04-07
u0075,onboarding_wizard_v2,classic,2026-04-07
u0076,onboarding_wizard_v2,classic,2026-04-07
u0077,onboarding_wizard_v2,classic,2026-04-07
u0078,onboarding_wizard_v2,classic,2026-04-07
u0079,onboarding_wizard_v2,classic,2026-04-07
u0080,onboarding_wizard_v2,classic,2026-04-07
u0081,onboarding_wizard_v2,classic,2026-04-07
u0082,onboarding_wizard_v2,classic,2026-04-07
u0083,onboarding_wizard_v2,classic,2026-04-07
u0084,onboarding_wizard_v2,classic,2026-04-07
u0085,onboarding_wizard_v2,classic,2026-04-08
u0086,onboarding_wizard_v2,classic,2026-04-08
u0087,onboarding_wizard_v2,classic,2026-04-08
u0088,onboarding_wizard_v2,classic,2026-04-08
u0089,onboarding_wizard_v2,classic,2026-04-08
u0090,onboarding_wizard_v2,classic,2026-04-08
u0091,onboarding_wizard_v2,classic,2026-04-08
u0092,onboarding_wizard_v2,classic,2026-04-08
u0093,onboarding_wizard_v2,classic,2026-04-08
u0094,onboarding_wizard_v2,classic,2026-04-08
u0095,onboarding_wizard_v2,classic,2026-04-08
u0096,onboarding_wizard_v2,classic,2026-04-08
u0097,onboarding_wizard_v2,classic,2026-04-09
u0098,onboarding_wizard_v2,classic,2026-04-09
u0099,onboarding_wizard_v2,classic,2026-04-09
u0100,onboarding_wizard_v2,classic,2026-04-09
u0101,onboarding_wizard_v2,classic,2026-04-09
u0102,onboarding_wizard_v2,classic,2026-04-09
u0103,onboarding_wizard_v2,classic,2026-04-09
u0104,onboarding_wizard_v2,classic,2026-04-09
u0105,onboarding_wizard_v2,classic,2026-04-09
u0106,onboarding_wizard_v2,classic,2026-04-09
u0107,onboarding_wizard_v2,classic,2026-04-09
u0108,onboarding_wizard_v2,classic,2026-04-09
u0109,onboarding_wizard_v2,classic,2026-04-10
u0110,onboarding_wizard_v2,classic,2026-04-10
u0111,onboarding_wizard_v2,classic,2026-04-10
u0112,onboarding_wizard_v2,classic,2026-04-10
u0113,onboarding_wizard_v2,classic,2026-04-10
u0114,onboarding_wizard_v2,classic,2026-04-10
u0115,onboarding_wizard_v2,classic,2026-04-10
u0116,onboarding_wizard_v2,classic,2026-04-10
u0117,onboarding_wizard_v2,classic,2026-04-10
u0118,onboarding_wizard_v2,classic,2026-04-10
u0119,onboarding_wizard_v2,classic,2026-04-10
u0120,onboarding_wizard_v2,classic,2026-04-10
u0121,onboarding_wizard_v2,classic,2026-04-11
u0122,onboarding_wizard_v2,classic,2026-04-11
u0123,onboarding_wizard_v2,classic,2026-04-11
u0124,onboarding_wizard_v2,classic,2026-04-11
u0125,onboarding_wizard_v2,classic,2026-04-11
u0126,onboarding_wizard_v2,classic,2026-04-11
u0127,onboarding_wizard_v2,classic,2026-04-11
u0128,onboarding_wizard_v2,classic,2026-04-11
u0129,onboarding_wizard_v2,classic,2026-04-11
u0130,onboarding_wizard_v2,classic,2026-04-11
u0131,onboarding_wizard_v2,classic,2026-04-11
u0132,onboarding_wizard_v2,classic,2026-04-11
u0133,onboarding_wizard_v2,classic,2026-04-12
u0134,onboarding_wizard_v2,classic,2026-04-12
u0135,onboarding_wizard_v2,classic,2026-04-12
u0136,onboarding_wizard_v2,classic,2026-04-12
u0137,onboarding_wizard_v2,classic,2026-04-12
u0138,onboarding_wizard_v2,classic,2026-04-12
u0139,onboarding_wizard_v2,classic,2026-04-12
u0140,onboarding_wizard_v2,classic,2026-04-12
u0141,onboarding_wizard_v2,classic,2026-04-12
u0142,onboarding_wizard_v2,classic,2026-04-12
u0143,onboarding_wizard_v2,classic,2026-04-12
u0144,onboarding_wizard_v2,classic,2026-04-12
u0145,onboarding_wizard_v2,classic,2026-04-13
u0146,onboarding_wizard_v2,classic,2026-04-13
u0147,onboarding_wizard_v2,classic,2026-04-13
u0148,onboarding_wizard_v2,classic,2026-04-13
u0149,onboarding_wizard_v2,classic,2026-04-13
u0150,onboarding_wizard_v2,classic,2026-04-13
u0151,onboarding_wizard_v2,classic,2026-04-13
u0152,onboarding_wizard_v2,classic,2026-04-13
u0153,onboarding_wizard_v2,classic,2026-04-13
u0154,onboarding_wizard_v2,classic,2026-04-13
u0155,onboarding_wizard_v2,classic,2026-04-13
u0156,onboarding_wizard_v2,classic,2026-04-13
u0157,onboarding_wizard_v2,classic,2026-04-14
u0158,onboarding_wizard_v2,classic,2026-04-14
u0159,onboarding_wizard_v2,classic,2026-04-14
u0160,onboarding_wizard_v2,classic,2026-04-14
u0161,onboarding_wizard_v2,classic,2026-04-14
u0162,onboarding_wizard_v2,classic,2026-04-14
u0163,onboarding_wizard_v2,classic,2026-04-14
u0164,onboarding_wizard_v2,classic,2026-04-14
u0165,onboarding_wizard_v2,classic,2026-04-14
u0166,onboarding_wizard_v2,classic,2026-04-14
u0167,onboarding_wizard_v2,classic,2026-04-14
u0168,onboarding_wizard_v2,classic,2026-04-14
u0169,onboarding_wizard_v2,classic,2026-04-15
u0170,onboarding_wizard_v2,classic,2026-04-15
u0171,onboarding_wizard_v2,classic,2026-04-15
u0172,onboarding_wizard_v2,classic,2026-04-15
u0173,onboarding_wizard_v2,classic,2026-04-15
u0174,onboarding_wizard_v2,classic,2026-04-15
u0175,onboarding_wizard_v2,classic,2026-04-15
u0176,onboarding_wizard_v2,classic,2026-04-15
u0177,onboarding_wizard_v2,classic,2026-04-15
u0178,onboarding_wizard_v2,classic,2026-04-15
u0179,onboarding_wizard_v2,classic,2026-04-15
u0180,onboarding_wizard_v2,classic,2026-04-15
u0181,onboarding_wizard_v2,classic,2026-04-16
u0182,onboarding_wizard_v2,classic,2026-04-16
u0183,onboarding_wizard_v2,classic,2026-04-16
u0184,onboarding_wizard_v2,classic,2026-04-16
u0185,onboarding_wizard_v2,classic,2026-04-16
u0186,onboarding_wizard_v2,classic,2026-04-16
u0187,onboarding_wizard_v2,classic,2026-04-16
u0188,onboarding_wizard_v2,classic,2026-04-16
u0189,onboarding_wizard_v2,classic,2026-04-16
u0190,onboarding_wizard_v2,classic,2026-04-16
u0191,onboarding_wizard_v2,classic,2026-04-16
u0192,onboarding_wizard_v2,classic,2026-04-16
u0193,onboarding_wizard_v2,classic,2026-04-17
u0194,onboarding_wizard_v2,classic,2026-04-17
u0195,onboarding_wizard_v2,classic,2026-04-17
u0196,onboarding_wizard_v2,classic,2026-04-17
u0197,onboarding_wizard_v2,classic,2026-04-17
u0198,onboarding_wizard_v2,classic,2026-04-17
u0199,onboarding_wizard_v2,classic,2026-04-17
u0200,onboarding_wizard_v2,classic,2026-04-17
u0201,onboarding_wizard_v2,classic,2026-04-17
u0202,onboarding_wizard_v2,classic,2026-04-17
u0203,onboarding_wizard_v2,classic,2026-04-17
u0204,onboarding_wizard_v2,classic,2026-04-17
u0205,onboarding_wizard_v2,classic,2026-04-18
u0206,onboarding_wizard_v2,classic,2026-04-18
u0207,onboarding_wizard_v2,classic,2026-04-18
u0208,onboarding_wizard_v2,classic,2026-04-18
u0209,onboarding_wizard_v2,classic,2026-04-18
u0210,onboarding_wizard_v2,classic,2026-04-18
u0211,onboarding_wizard_v2,classic,2026-04-18
u0212,onboarding_wizard_v2,classic,2026-04-18
u0213,onboarding_wizard_v2,classic,2026-04-18
u0214,onboarding_wizard_v2,classic,2026-04-18
u0215,onboarding_wizard_v2,classic,2026-04-18
u0216,onboarding_wizard_v2,classic,2026-04-18
u0217,onboarding_wizard_v2,classic,2026-04-19
u0218,onboarding_wizard_v2,classic,2026-04-19
u0219,onboarding_wizard_v2,classic,2026-04-19
u0220,onboarding_wizard_v2,classic,2026-04-19
u0221,onboarding_wizard_v2,classic,2026-04-19
u0222,onboarding_wizard_v2,classic,2026-04-19
u0223,onboarding_wizard_v2,classic,2026-04-19
u0224,onboarding_wizard_v2,classic,2026-04-19
u0225,onboarding_wizard_v2,classic,2026-04-19
u0226,onboarding_wizard_v2,classic,2026-04-19
u0227,onboarding_wizard_v2,classic,2026-04-19
u0228,onboarding_wizard_v2,classic,2026-04-19
u0229,onboarding_wizard_v2,classic,2026-04-20
u0230,onboarding_wizard_v2,classic,2026-04-20
u0231,onboarding_wizard_v2,classic,2026-04-20
u0232,onboarding_wizard_v2,classic,2026-04-20
u0233,onboarding_wizard_v2,classic,2026-04-20
u0234,onboarding_wizard_v2,classic,2026-04-20
u0235,onboarding_wizard_v2,classic,2026-04-20
u0236,onboarding_wizard_v2,classic,2026-04-20
u0237,onboarding_wizard_v2,classic,2026-04-20
u0238,onboarding_wizard_v2,classic,2026-04-20
u0239,onboarding_wizard_v2,classic,2026-04-20
u0240,onboarding_wizard_v2,classic,2026-04-20
u0241,onboarding_wizard_v2,classic,2026-05-01
u0242,onboarding_wizard_v2,classic,2026-05-01
u0243,onboarding_wizard_v2,classic,2026-05-01
u0244,onboarding_wizard_v2,classic,2026-05-01
u0245,onboarding_wizard_v2,classic,2026-05-01
u0246,onboarding_wizard_v2,classic,2026-05-01
u0247,onboarding_wizard_v2,classic,2026-05-01
u0248,onboarding_wizard_v2,classic,2026-05-01
u0249,onboarding_wizard_v2,classic,2026-05-01
u0250,onboarding_wizard_v2,classic,2026-05-01
u0251,onboarding_wizard_v2,classic,2026-05-01
u0252,onboarding_wizard_v2,classic,2026-05-01
u0253,onboarding_wizard_v2,classic,2026-05-02
u0254,onboarding_wizard_v2,classic,2026-05-02
u0255,onboarding_wizard_v2,classic,2026-05-02
u0256,onboarding_wizard_v2,classic,2026-05-02
u0257,onboarding_wizard_v2,classic,2026-05-02
u0258,onboarding_wizard_v2,classic,2026-05-02
u0259,onboarding_wizard_v2,classic,2026-05-02
u0260,onboarding_wizard_v2,classic,2026-05-02
u0261,onboarding_wizard_v2,classic,2026-05-02
u0262,onboarding_wizard_v2,classic,2026-05-02
u0263,onboarding_wizard_v2,classic,2026-05-02
u0264,onboarding_wizard_v2,classic,2026-05-02
u0265,onboarding_wizard_v2,classic,2026-05-03
u0266,onboarding_wizard_v2,classic,2026-05-03
u0267,onboarding_wizard_v2,classic,2026-05-03
u0268,onboarding_wizard_v2,classic,2026-05-03
u0269,onboarding_wizard_v2,classic,2026-05-03
u0270,onboarding_wizard_v2,classic,2026-05-03
u0271,onboarding_wizard_v2,classic,2026-05-03
u0272,onboarding_wizard_v2,classic,2026-05-03
u0273,onboarding_wizard_v2,classic,2026-05-03
u0274,onboarding_wizard_v2,classic,2026-05-03
u0275,onboarding_wizard_v2,classic,2026-05-03
u0276,onboarding_wizard_v2,classic,2026-05-03
u0277,onboarding_wizard_v2,classic,2026-05-04
u0278,onboarding_wizard_v2,classic,2026-05-04
u0279,onboarding_wizard_v2,classic,2026-05-04
u0280,onboarding_wizard_v2,classic,2026-05-04
u0281,onboarding_wizard_v2,classic,2026-05-04
u0282,onboarding_wizard_v2,classic,2026-05-04
u0283,onboarding_wizard_v2,classic,2026-05-04
u0284,onboarding_wizard_v2,classic,2026-05-04
u0285,onboarding_wizard_v2,classic,2026-05-04
u0286,onboarding_wizard_v2,classic,2026-05-04
u0287,onboarding_wizard_v2,classic,2026-05-04
u0288,onboarding_wizard_v2,classic,2026-05-04
u0289,onboarding_wizard_v2,classic,2026-05-05
u0290,onboarding_wizard_v2,classic,2026-05-05
u0291,onboarding_wizard_v2,classic,2026-05-05
u0292,onboarding_wizard_v2,classic,2026-05-05
u0293,onboarding_wizard_v2,classic,2026-05-05
u0294,onboarding_wizard_v2,classic,2026-05-05
u0295,onboarding_wizard_v2,classic,2026-05-05
u0296,onboarding_wizard_v2,classic,2026-05-05
u0297,onboarding_wizard_v2,classic,2026-05-05
u0298,onboarding_wizard_v2,classic,2026-05-05
u0299,onboarding_wizard_v2,classic,2026-05-05
u0300,onboarding_wizard_v2,classic,2026-05-05
u0301,onboarding_wizard_v2,new,2026-05-06
u0302,onboarding_wizard_v2,new,2026-05-06
u0303,onboarding_wizard_v2,new,2026-05-06
u0304,onboarding_wizard_v2,new,2026-05-06
u0305,onboarding_wizard_v2,new,2026-05-06
u0306,onboarding_wizard_v2,new,2026-05-06
u0307,onboarding_wizard_v2,new,2026-05-06
u0308,onboarding_wizard_v2,new,2026-05-06
u0309,onboarding_wizard_v2,new,2026-05-06
u0310,onboarding_wizard_v2,new,2026-05-06
u0311,onboarding_wizard_v2,new,2026-05-06
u0312,onboarding_wizard_v2,new,2026-05-06
u0313,onboarding_wizard_v2,new,2026-05-07
u0314,onboarding_wizard_v2,new,2026-05-07
u0315,onboarding_wizard_v2,new,2026-05-07
u0316,onboarding_wizard_v2,new,2026-05-07
u0317,onboarding_wizard_v2,new,2026-05-07
u0318,onboarding_wizard_v2,new,2026-05-07
u0319,onboarding_wizard_v2,new,2026-05-07
u0320,onboarding_wizard_v2,new,2026-05-07
u0321,onboarding_wizard_v2,new,2026-05-07
u0322,onboarding_wizard_v2,new,2026-05-07
u0323,onboarding_wizard_v2,new,2026-05-07
u0324,onboarding_wizard_v2,new,2026-05-07
u0325,onboarding_wizard_v2,new,2026-05-08
u0326,onboarding_wizard_v2,new,2026-05-08
u0327,onboarding_wizard_v2,new,2026-05-08
u0328,onboarding_wizard_v2,new,2026-05-08
u0329,onboarding_wizard_v2,new,2026-05-08
u0330,onboarding_wizard_v2,new,2026-05-08
u0331,onboarding_wizard_v2,new,2026-05-08
u0332,onboarding_wizard_v2,new,2026-05-08
u0333,onboarding_wizard_v2,new,2026-05-08
u0334,onboarding_wizard_v2,new,2026-05-08
u0335,onboarding_wizard_v2,new,2026-05-08
u0336,onboarding_wizard_v2,new,2026-05-08
u0337,onboarding_wizard_v2,new,2026-05-09
u0338,onboarding_wizard_v2,new,2026-05-09
u0339,onboarding_wizard_v2,new,2026-05-09
u0340,onboarding_wizard_v2,new,2026-05-09
u0341,onboarding_wizard_v2,new,2026-05-09
u0342,onboarding_wizard_v2,new,2026-05-09
u0343,onboarding_wizard_v2,new,2026-05-09
u0344,onboarding_wizard_v2,new,2026-05-09
u0345,onboarding_wizard_v2,new,2026-05-09
u0346,onboarding_wizard_v2,new,2026-05-09
u0347,onboarding_wizard_v2,new,2026-05-09
u0348,onboarding_wizard_v2,new,2026-05-09
u0349,onboarding_wizard_v2,new,2026-05-10
u0350,onboarding_wizard_v2,new,2026-05-10
u0351,onboarding_wizard_v2,new,2026-05-10
u0352,onboarding_wizard_v2,new,2026-05-10
u0353,onboarding_wizard_v2,new,2026-05-10
u0354,onboarding_wizard_v2,new,2026-05-10
u0355,onboarding_wizard_v2,new,2026-05-10
u0356,onboarding_wizard_v2,new,2026-05-10
u0357,onboarding_wizard_v2,new,2026-05-10
u0358,onboarding_wizard_v2,new,2026-05-10
u0359,onboarding_wizard_v2,new,2026-05-10
u0360,onboarding_wizard_v2,new,2026-05-10
u0361,onboarding_wizard_v2,new,2026-05-11
u0362,onboarding_wizard_v2,new,2026-05-11
u0363,onboarding_wizard_v2,new,2026-05-11
u0364,onboarding_wizard_v2,new,2026-05-11
u0365,onboarding_wizard_v2,new,2026-05-11
u0366,onboarding_wizard_v2,new,2026-05-11
u0367,onboarding_wizard_v2,new,2026-05-11
u0368,onboarding_wizard_v2,new,2026-05-11
u0369,onboarding_wizard_v2,new,2026-05-11
u0370,onboarding_wizard_v2,new,2026-05-11
u0371,onboarding_wizard_v2,new,2026-05-11
u0372,onboarding_wizard_v2,new,2026-05-11
u0373,onboarding_wizard_v2,new,2026-05-12
u0374,onboarding_wizard_v2,new,2026-05-12
u0375,onboarding_wizard_v2,new,2026-05-12
u0376,onboarding_wizard_v2,new,2026-05-12
u0377,onboarding_wizard_v2,new,2026-05-12
u0378,onboarding_wizard_v2,new,2026-05-12
u0379,onboarding_wizard_v2,new,2026-05-12
u0380,onboarding_wizard_v2,new,2026-05-12
u0381,onboarding_wizard_v2,new,2026-05-12
u0382,onboarding_wizard_v2,new,2026-05-12
u0383,onboarding_wizard_v2,new,2026-05-12
u0384,onboarding_wizard_v2,new,2026-05-12
u0385,onboarding_wizard_v2,new,2026-05-13
u0386,onboarding_wizard_v2,new,2026-05-13
u0387,onboarding_wizard_v2,new,2026-05-13
u0388,onboarding_wizard_v2,new,2026-05-13
u0389,onboarding_wizard_v2,new,2026-05-13
u0390,onboarding_wizard_v2,new,2026-05-13
u0391,onboarding_wizard_v2,new,2026-05-13
u0392,onboarding_wizard_v2,new,2026-05-13
u0393,onboarding_wizard_v2,new,2026-05-13
u0394,onboarding_wizard_v2,new,2026-05-13
u0395,onboarding_wizard_v2,new,2026-05-13
u0396,onboarding_wizard_v2,new,2026-05-13
u0397,onboarding_wizard_v2,new,2026-05-14
u0398,onboarding_wizard_v2,new,2026-05-14
u0399,onboarding_wizard_v2,new,2026-05-14
u0400,onboarding_wizard_v2,new,2026-05-14
u0401,onboarding_wizard_v2,new,2026-05-14
u0402,onboarding_wizard_v2,new,2026-05-14
u0403,onboarding_wizard_v2,new,2026-05-14
u0404,onboarding_wizard_v2,new,2026-05-14
u0405,onboarding_wizard_v2,new,2026-05-14
u0406,onboarding_wizard_v2,new,2026-05-14
u0407,onboarding_wizard_v2,new,2026-05-14
u0408,onboarding_wizard_v2,new,2026-05-14
u0409,onboarding_wizard_v2,new,2026-05-15
u0410,onboarding_wizard_v2,new,2026-05-15
u0411,onboarding_wizard_v2,new,2026-05-15
u0412,onboarding_wizard_v2,new,2026-05-15
u0413,onboarding_wizard_v2,new,2026-05-15
u0414,onboarding_wizard_v2,new,2026-05-15
u0415,onboarding_wizard_v2,new,2026-05-15
u0416,onboarding_wizard_v2,new,2026-05-15
u0417,onboarding_wizard_v2,new,2026-05-15
u0418,onboarding_wizard_v2,new,2026-05-15
u0419,onboarding_wizard_v2,new,2026-05-15
u0420,onboarding_wizard_v2,new,2026-05-15
u0421,onboarding_wizard_v2,new,2026-05-16
u0422,onboarding_wizard_v2,new,2026-05-16
u0423,onboarding_wizard_v2,new,2026-05-16
u0424,onboarding_wizard_v2,new,2026-05-16
u0425,onboarding_wizard_v2,new,2026-05-16
u0426,onboarding_wizard_v2,new,2026-05-16
u0427,onboarding_wizard_v2,new,2026-05-16
u0428,onboarding_wizard_v2,new,2026-05-16
u0429,onboarding_wizard_v2,new,2026-05-16
u0430,onboarding_wizard_v2,new,2026-05-16
u0431,onboarding_wizard_v2,new,2026-05-16
u0432,onboarding_wizard_v2,new,2026-05-16
u0433,onboarding_wizard_v2,new,2026-05-17
u0434,onboarding_wizard_v2,new,2026-05-17
u0435,onboarding_wizard_v2,new,2026-05-17
u0436,onboarding_wizard_v2,new,2026-05-17
u0437,onboarding_wizard_v2,new,2026-05-17
u0438,onboarding_wizard_v2,new,2026-05-17
u0439,onboarding_wizard_v2,new,2026-05-17
u0440,onboarding_wizard_v2,new,2026-05-17
u0441,onboarding_wizard_v2,new,2026-05-17
u0442,onboarding_wizard_v2,new,2026-05-17
u0443,onboarding_wizard_v2,new,2026-05-17
u0444,onboarding_wizard_v2,new,2026-05-17
u0445,onboarding_wizard_v2,new,2026-05-18
u0446,onboarding_wizard_v2,new,2026-05-18
u0447,onboarding_wizard_v2,new,2026-05-18
u0448,onboarding_wizard_v2,new,2026-05-18
u0449,onboarding_wizard_v2,new,2026-05-18
u0450,onboarding_wizard_v2,new,2026-05-18
u0451,onboarding_wizard_v2,new,2026-05-18
u0452,onboarding_wizard_v2,new,2026-05-18
u0453,onboarding_wizard_v2,new,2026-05-18
u0454,onboarding_wizard_v2,new,2026-05-18
u0455,onboarding_wizard_v2,new,2026-05-18
u0456,onboarding_wizard_v2,new,2026-05-18
u0457,onboarding_wizard_v2,new,2026-05-19
u0458,onboarding_wizard_v2,new,2026-05-19
u0459,onboarding_wizard_v2,new,2026-05-19
u0460,onboarding_wizard_v2,new,2026-05-19
u0461,onboarding_wizard_v2,new,2026-05-19
u0462,onboarding_wizard_v2,new,2026-05-19
u0463,onboarding_wizard_v2,new,2026-05-19
u0464,onboarding_wizard_v2,new,2026-05-19
u0465,onboarding_wizard_v2,new,2026-05-19
u0466,onboarding_wizard_v2,new,2026-05-19
u0467,onboarding_wizard_v2,new,2026-05-19
u0468,onboarding_wizard_v2,new,2026-05-19
u0469,onboarding_wizard_v2,new,2026-05-20
u0470,onboarding_wizard_v2,new,2026-05-20
u0471,onboarding_wizard_v2,new,2026-05-20
u0472,onboarding_wizard_v2,new,2026-05-20
u0473,onboarding_wizard_v2,new,2026-05-20
u0474,onboarding_wizard_v2,new,2026-05-20
u0475,onboarding_wizard_v2,new,2026-05-20
u0476,onboarding_wizard_v2,new,2026-05-20
u0477,onboarding_wizard_v2,new,2026-05-20
u0478,onboarding_wizard_v2,new,2026-05-20
u0479,onboarding_wizard_v2,new,2026-05-20
u0480,onboarding_wizard_v2,new,2026-05-20
